{
  "C_F4": {
    "x": 64.65040650406505,
    "y": 37.56886313228876,
    "router": "C",
    "floor": 4
  },
  "D_F4": {
    "x": 33.170171946999446,
    "y": 45.90255419617944,
    "router": "D",
    "floor": 4
  },
  "B_F3": {
    "x": 38.678213472468755,
    "y": 37.66044215496888,
    "router": "B",
    "floor": 3
  },
  "C_F3": {
    "x": 64.65040650406505,
    "y": 37.56886313228876,
    "router": "C",
    "floor": 3
  },
  "I_F3": {
    "x": 59.33336919297868,
    "y": 53.595192101309294,
    "router": "I",
    "floor": 3
  },
  "B_F2": {
    "x": 38.91796008869179,
    "y": 37.56886313228876,
    "router": "B",
    "floor": 2
  },
  "F_F2": {
    "x": 64.39812761763982,
    "y": 45.627817128139085,
    "router": "F",
    "floor": 2
  },
  "A_F1": {
    "x": 51.531904409953185,
    "y": 29.69306718179867,
    "router": "A",
    "floor": 1
  },
  "C_F1": {
    "x": 64.77654594727765,
    "y": 37.56886313228876,
    "router": "C",
    "floor": 1
  },
  "E_F1": {
    "x": 48.88297610248829,
    "y": 45.627817128139085,
    "router": "E",
    "floor": 1
  },
  "Goal_F0": {
    "x": 66.92091648189209,
    "y": 69.9878371610503,
    "router": "Goal",
    "floor": 0
  },
  "I_F0": {
    "x": 59.33336919297868,
    "y": 53.77835014666953,
    "router": "I",
    "floor": 0
  },
  "G_F3": {
    "x": 33.62917540745522,
    "y": 53.595192101309294,
    "router": "G",
    "floor": 3
  },
  "H_F2": {
    "x": 46.25177056998906,
    "y": 53.77835014666953,
    "router": "H",
    "floor": 2
  },
  "J_F0": {
    "x": 71.08351810790835,
    "y": 53.86992916934965,
    "router": "J",
    "floor": 0
  },
  "K_F1": {
    "x": 38.448711742240874,
    "y": 69.71310009300996,
    "router": "K",
    "floor": 1
  },
  "L_F4": {
    "x": 52.44831728614204,
    "y": 69.52994204764971,
    "router": "L",
    "floor": 4
  }
}